nama,role,ulti,asal,Asal/Wilayah(Lore/Inspirasi),Kawasan/Budaya
ALDOUS,EXPLine,Contract: Chase Fate,Tanah Buangan Budak,Pelabuhan Budak / Tanah Buangan,"Fiksi (umum, tema perbudakan)"
ALPHA,EXPLine,Overdrive Mode,Eruditio,Eruditio / Kota Teknologi,Fiksi (fiksi ilmiah)
ALUCARD,EXPLine/Assassin,Fission Wave,Dark Forest,Dark Forest / Rawa Gelap,Eropa Timur (pemburu vampir)
ARGUS,EXPLine,Vengeance Sword,Dunia Kegelapan/Langit,Alas Langit / Dunia Malaikat Jatuh,Eropa Selatan (mitologi Yunani)
ARLOTT,EXPLine/Assassin,Thorned Blossom,Kerajaan Esperia,Esperia / Kerajaan Bunga,Eropa Barat (abad pertengahan)
AULUS,EXPLine,Blazing Chase,Kekaisaran Moniyan,Moniyan Empire / Kekaisaran Moniyan,Eropa Barat (Romawi kuno)
BADANG,EXPLine,Monstrous Clout,Kepulauan Melayu,Selat Melaka / Pulau Badang,Asia Tenggara (Melayu)
BALMOND,EXPLine,Lethal Smash,Dataran Liar Utara,Dataran Liar / Tanah Barbar,Fiksi (tema barbar)
BANE,EXPLine/Mage,Erupting Rage,Tujuh Samudra,Tujuh Samudra / Lautan Bajak Laut,Fiksi (tema bajak laut)
BARATS,Tank/EXPLine,Rotation Smash,Kekaisaran Moniyan,Moniyan Empire / Kekaisaran Moniyan,Eropa Barat (abad pertengahan)
BENEDETTA,Assassin/EXPLine,Phantom Thrust,Negeri Anggur Barat,Vlorange / Negeri Anggur,"Eropa Barat (Prancis, tema musketeer)"
CHOU,EXPLine,Fist of Fury,Perguruan Bela Diri Timur,Perguruan Kungfu / Negeri Bela Diri,"Asia Timur (Tiongkok, kungfu)"
CICI,EXPLine,Bloom Burst,Negeri Taman Tropis,Taman Tropis / Negeri Bunga,Asia Tenggara (umum)
DYRROTH,EXPLine,Abyssal Judgement,Dunia Abyss,Abyss / Dunia Iblis,Fiksi (tema kerajaan iblis)
FREDRINN,EXPLine/Tank,Art of War,Kekaisaran Moniyan,Moniyan Empire / Pasukan Penjaga,Eropa Barat (abad pertengahan)
FREYA,EXPLine,Valkyrie Descent,Negeri Es Utara,Vale Utara / Negeri Dewi Perang,Eropa Utara (mitologi Nordik)
GATOTKACA,Tank/EXPLine,Amukan Gatotkaca,Kerajaan Pewayangan,Kerajaan Pringgadani / Kahyangan,"Asia Tenggara (Indonesia, wayang Mahabharata)"
GROCK,Tank/EXPLine,Rock Formation,Pegunungan Batu Purba,Pegunungan Batu / Negeri Golem,Fiksi (golem batu)
GUINEVERE,EXPLine,Rhapsody of Elegance,Kerajaan Arthurian,Camelot / Kerajaan Meja Bundar,"Eropa Barat (legenda Raja Arthur, Inggris)"
HILDA,EXPLine/Tank,Blessing of Nature,Pegunungan Megalith,Pegunungan Megalith / Negeri Batu Suci,Eropa Utara (Nordik)
JAWHEAD,EXPLine,Blast Ride,Eruditio,Eruditio / Kota Mesin Robot,Fiksi (fiksi ilmiah)
JULIAN,Assassin/EXPLine,Chain,Kekaisaran Moniyan,Moniyan Empire / Ksatria Kerajaan,Eropa Barat (abad pertengahan)
KALEA,Support/EXPLine,Floral Bloom,Hutan Vale,Vale / Hutan Bunga,Fiksi (roh hutan)
KHALEED,EXPLine,Sandstorm Scimitar,Gurun Pasir Timur Tengah,Gurun Pasir / Kesultanan Padang Pasir,Timur Tengah (Arab)
LAPU-LAPU,EXPLine,Heaven and Earth,Kepulauan Mactan,Mactan / Kepulauan Filipina,"Asia Tenggara (Filipina, tokoh sejarah)"
LEOMORD,EXPLine,Twilight Orders,Dark Forest,Dark Forest / Negeri Ksatria Mati,Eropa Timur (gotik)
LUKAS,EXPLine,Showdown,Padang Liar Barat,Padang Liar Barat / Tanah Koboi,Amerika (Wild West)
MARTIS,EXPLine,Rising Dragon Slash,Negeri Pedang Timur,Negeri Pedang / Perguruan Naga,Asia Timur (Tiongkok)
MASHA,EXPLine/Tank,Wild Fist,Hutan Beruang Utara,Hutan Beruang / Desa Pedesaan Utara,"Eropa Timur (Rusia, cerita rakyat)"
MINSITTHAR,EXPLine,War Drum,Kerajaan Pagan Kuno,Kerajaan Pagan / Dataran Irrawaddy,"Asia Tenggara (Myanmar, tokoh sejarah)"
PAQUITO,EXPLine/Assassin,Heaven's Fist,Negeri Tropis Tenggara,Negeri Tropis / Kepulauan Selatan,Asia Tenggara (Filipina)
PHOVEUS,EXPLine,Despair Hymn,Dunia Abyss,Abyss / Dunia Ketakutan,Fiksi (tema kerajaan iblis)
ROGER,EXPLine/Marksman,Howling Blast,Padang Liar Barat,Padang Liar Barat / Tanah Koboi Serigala,Amerika (Wild West)
RUBY,EXPLine,Rendering Blade,Hutan Dongeng Barat,Hutan Dongeng / Desa Tudung Merah,Eropa Barat (dongeng Little Red Riding Hood)
SILVANNA,EXPLine,Vengeance Blade of Justice,Kerajaan Pagan Kuno,Kerajaan Pagan / Dataran Irrawaddy,Asia Tenggara (Myanmar)
SORA,EXPLine/Assassin,Echoing Strike,Negeri Bela Diri Timur,Perguruan Bela Diri / Negeri Timur,Asia Timur (umum)
SUN,EXPLine,Wind Shaper,Istana Langit Timur,Istana Langit / Gunung Dewa Kera,"Asia Timur (Tiongkok, kisah Sun Wukong)"
SUYOU,Assassin/EXPLine,Evil Queller,Negeri Pedang Timur,Negeri Pedang / Perguruan Pendekar,Asia Timur (Tiongkok)
TERIZLA,EXPLine/Tank,World Fragmenter,Dataran Barbar Utara,Dataran Barbar / Tanah Pejuang Utara,Eropa Utara (Skandinavia)
THAMUZ,EXPLine,Abyssal Blaze,Dunia Abyss,Abyss / Neraka Terbakar,Timur Tengah (mitologi Mesopotamia kuno)
X.BORG,EXPLine,Fire Spirit Punishment,Eruditio,Eruditio / Pabrik Besi Raksasa,Fiksi (fiksi ilmiah)
YIN,EXPLine/Assassin,Rage of Thunder God,Istana Langit Timur,Istana Langit / Keturunan Dewa Kera,"Asia Timur (Tiongkok, kisah Sun Wukong)"
YU ZHONG,EXPLine,Blood Moon Howl,Negeri Naga Timur,Negeri Naga / Dataran Naga Hitam,Asia Timur (Tiongkok)
ZILONG,EXPLine/Assassin,Supreme Warrior,Dataran Naga Timur,Dataran Naga / Negeri Pejuang Naga,Asia Timur (Tiongkok)
